,WtDate,TubingPress,IA,WtOilVol,WtGasVol,WtGasRate,WtGasLiftVol,WtWaterVol,WtrLift,WtTotalFluid,WtWaterCut,WtGOR,WtSeparatorPress,WtRemarks,WtInfoOnly,well,HeaderP,WHP,BHP,Optimal_RP,PI
0,2024-01-22,177.1,2162.0,560.7,175.2,175.2,0.0,1457.7,2186.9,2018.4,72.2,0.3,178.1,,Yes,MPB-28,164.8069105691057,172.18776753144658,1174.2256775067738,1796,3.246193879326673
1,2024-01-23,176.8,2177.4,631.8,145.2,145.2,0.0,1436.8,1340.9,2068.6,69.5,0.2,178.1,,Yes,MPB-28,158.76309427880742,167.16952222222207,1322.2402819738147,1796,4.366348427887375
2,2024-01-27,179.6,2253.0,483.0,176.0,176.0,0.0,1058.2,2282.2,1541.3,68.7,0.4,180.1,,Yes,MPB-28,160.1700095510984,174.35776477064198,1035.1987451737439,1796,2.025890454599718
3,2024-01-27,179.6,2253.0,483.0,176.0,176.0,0.0,1058.2,2282.2,1541.3,68.7,364.4,180.1,,No,MPB-28,160.1700095510984,174.35776477064198,1035.1987451737439,1796,2.025890454599718
4,2024-01-28,181.0,2317.0,593.4,264.8,264.8,0.0,1225.9,2313.7,1819.3,67.4,0.4,180.0,,Yes,MPB-28,160.52773722627737,177.0356115479113,1017.3157131960346,1796,2.336376925579353
5,2024-01-30,180.5,2548.3,730.7,101.8,101.8,0.0,1213.3,2400.2,1944.0,62.4,0.1,182.5,,Yes,MPB-28,159.68433005299016,185.99697399355884,994.1665121668591,1796,2.4244435153904926
6,2024-01-30,186.0,2548.3,681.2,486.3,486.3,0.0,1268.3,2400.2,1949.5,65.1,0.7,184.5,,Yes,MPB-28,159.68433005299016,185.99697399355884,994.1665121668591,1796,2.4313027948836243
7,2024-01-31,188.1,2454.1,553.1,479.9,479.9,0.0,1123.4,2390.7,1676.5,67.0,0.9,186.6,,Yes,MPB-28,164.79788838612367,181.61744965727334,885.2738959764472,1796,1.8408388565928742
8,2024-02-01,188.9,2329.4,399.6,221.1,221.1,0.0,1037.3,2332.3,1436.9,72.2,0.6,188.7,,Yes,MPB-28,164.26768781911014,175.71514742268033,906.7695178849143,1796,1.615891525200813
9,2024-02-02,174.5,2364.6,294.0,187.5,187.5,0.0,902.3,2355.0,1196.2,75.4,0.6,175.3,,Yes,MPB-28,164.0007042253521,172.95120231854816,921.422004889976,1796,1.3677453659802123
10,2024-02-03,181.6,2416.5,395.1,246.0,246.0,0.0,935.2,2381.3,1330.3,70.3,,181.8,,Yes,MPB-28,161.70772946859904,183.84134676470586,898.0719059405948,1796,1.4815217485688668
11,2024-02-03,182.5,2416.5,505.4,260.8,260.8,0.0,904.3,2381.3,1409.7,64.1,0.5,182.5,,Yes,MPB-28,161.70772946859904,183.84134676470586,898.0719059405948,1796,1.5699475373656557
12,2024-02-05,178.6,2358.6,297.8,173.4,173.4,0.0,827.6,2401.4,1125.4,73.5,0.6,179.1,,Yes,MPB-28,163.13921113689096,176.69414841930134,918.751909476662,1796,1.2828754056661698
13,2024-02-08,178.7,2363.2,330.7,135.3,135.3,0.0,840.0,2413.3,1170.7,71.8,0.4,178.1,,Yes,MPB-28,163.09213483146067,170.14446277021645,917.2392857142859,1796,1.3322170426696691
14,2024-02-08,178.7,2363.2,330.7,135.3,135.3,0.0,840.0,2413.3,1170.7,71.8,409.3,178.1,,No,MPB-28,163.09213483146067,170.14446277021645,917.2392857142859,1796,1.3322170426696691
15,2024-02-10,178.2,2333.3,258.5,104.5,104.5,0.0,882.3,2378.5,1140.8,77.3,0.4,178.4,,Yes,MPB-28,163.75088464260438,177.99289577613553,924.1520887728459,1796,1.308485098501053
16,2024-02-13,180.8,2361.3,289.2,147.5,147.5,0.0,826.6,2402.9,1115.7,74.1,0.5,179.7,,Yes,MPB-28,164.01699524133244,168.74924207687116,920.4354919053554,1796,1.2742636204246391
17,2024-02-14,173.5,2297.2,301.5,129.4,129.4,0.0,752.6,2379.8,1054.1,71.4,0.4,172.7,,Yes,MPB-28,163.5653429602888,169.7091464031617,926.3198186528493,1796,1.2120547559991302
18,2024-02-16,170.1,2278.8,294.4,139.3,139.3,0.0,748.3,2374.0,1042.7,71.8,0.5,169.0,,Yes,MPB-28,159.15736040609136,167.7580554776511,939.294038929441,1796,1.2171037058000842
19,2024-02-20,172.8,2280.5,337.9,172.4,172.4,0.0,765.3,2358.3,1103.2,69.4,0.5,172.0,WP - Phase weather,Yes,MPB-28,157.140625,172.73790750469024,937.3790909090907,1796,1.2848510772560222
20,2024-02-29,175.4,2001.9,203.3,70.7,70.7,0.0,770.5,2432.2,973.8,79.1,0.3,176.2,,Yes,MPB-28,163.62951082598235,171.8167606089437,919.8211136890955,1796,1.1114168752686142
21,2024-03-02,184.1,2456.9,334.6,206.6,206.6,0.0,836.9,2461.2,1171.6,71.4,0.6,182.1,,Yes,MPB-28,158.5111821086262,158.61755478723407,874.404639175258,1796,1.2712737604836977
22,2024-03-02,184.1,2456.9,334.6,206.6,206.6,0.0,836.9,2461.2,1171.6,71.4,617.5,182.1,,No,MPB-28,158.5111821086262,158.61755478723407,874.404639175258,1796,1.2712737604836977
23,2024-03-04,170.4,2488.6,231.9,113.9,113.9,0.0,765.3,2463.0,997.2,76.7,0.5,170.3,WT - BHP climbing and oil rare down may need JP change out,Yes,MPB-28,158.29896083133494,171.76002697916638,892.5145181476852,1796,1.1037255385172906
24,2024-03-04,170.4,2488.6,231.9,113.9,113.9,0.0,765.3,2463.0,997.2,76.7,491.2,170.3,WT - BHP climbing and oil rare down may need JP change out,No,MPB-28,158.29896083133494,171.76002697916638,892.5145181476852,1796,1.1037255385172906
25,2024-03-12,170.2,2417.9,226.5,76.6,76.6,0.0,765.8,2454.8,992.3,77.2,0.3,170.5,,Yes,MPB-28,161.87168758716876,167.80335486111107,987.3511138613861,1796,1.2271085968328481
26,2024-03-15,178.6,2356.9,236.8,98.5,98.5,0.0,789.8,2425.9,1026.6,76.9,0.4,178.8,,Yes,MPB-28,161.65895953757226,178.29149080919086,1019.9041984732827,1796,1.3227748404004978
27,2024-03-20,170.6,2350.0,185.8,61.5,61.5,0.0,689.8,2417.4,875.5,78.8,0.3,170.7,,Yes,MPB-28,161.3016877637131,164.71616507666067,1029.6190095846646,1796,1.1423821975614612
28,2024-03-22,163.8,2359.7,188.8,49.6,49.6,0.0,928.2,2339.0,1117.0,83.1,0.3,164.0,,Yes,MPB-28,161.365991902834,161.23108217317497,1282.0602425876007,1796,2.173406481771148
29,2024-03-28,163.2,2329.1,194.9,77.1,77.1,0.0,587.7,2304.3,782.6,75.1,0.4,163.2,WT - Well test verified with shake outs,Yes,MPB-28,159.32846715328466,162.57150704545427,1297.0978863936602,1796,1.568644386657205
30,2024-03-28,163.2,2329.1,194.9,77.1,77.1,0.0,587.7,2304.3,782.6,75.1,395.6,163.2,WT - Well test verified with shake outs,No,MPB-28,159.32846715328466,162.57150704545427,1297.0978863936602,1796,1.568644386657205
31,2024-03-29,168.5,1599.6,208.7,51.7,51.7,0.0,661.1,1710.2,869.8,76.0,0.2,168.5,,Yes,MPB-28,161.20810313075506,163.6208455855855,1381.548791540784,1796,2.098678884864664
32,2024-03-31,188.5,2301.4,364.4,161.0,161.0,0.0,1114.3,2418.9,1478.7,75.4,0.4,187.0,,Yes,MPB-28,163.9526854219949,181.601190940171,1210.1528532608677,1796,2.524037213854418
33,2024-04-01,182.6,2347.2,323.5,219.9,219.9,0.0,979.4,2437.9,1302.8,75.2,0.7,181.3,WT - Well test confirmed with shake outs,Yes,MPB-28,174.73908826382154,176.07551182519288,1195.5213256484158,1796,2.1696024449274645
34,2024-04-01,182.6,2347.2,323.5,219.9,219.9,0.0,979.4,2437.9,1302.8,75.2,679.8,181.3,WT - Well test confirmed with shake outs,No,MPB-28,174.73908826382154,176.07551182519288,1195.5213256484158,1796,2.1696024449274645
35,2024-04-03,187.4,2316.5,306.8,106.1,106.1,0.0,1003.2,2394.2,1309.9,76.6,0.3,186.8,WT - Higher PWI header pressure,Yes,MPB-28,163.19204545454545,169.8062075593951,1292.7806451612896,1796,2.603039782561311
36,2024-04-03,187.4,2316.5,306.8,106.1,106.1,0.0,1003.2,2394.2,1309.9,76.6,346.0,186.8,WT - Higher PWI header pressure,No,MPB-28,163.19204545454545,169.8062075593951,1292.7806451612896,1796,2.603039782561311
37,2024-04-04,187.5,2377.3,262.0,120.8,120.8,0.0,827.9,2412.2,1089.9,76.0,0.5,187.3,,Yes,MPB-28,163.89593188268685,188.07331843749998,1322.3039886039876,1796,2.3008426792279613
38,2024-04-04,187.5,2377.3,262.0,120.8,120.8,0.0,827.9,2412.2,1089.9,76.0,461.3,187.3,,No,MPB-28,163.89593188268685,188.07331843749998,1322.3039886039876,1796,2.3008426792279613
39,2024-04-07,175.8,2360.3,217.6,90.1,90.1,0.0,676.5,2380.7,894.1,75.7,0.4,175.5,,Yes,MPB-28,162.80814717477003,175.80322556480385,1375.6874829931976,1796,2.1272266797268133
40,2024-04-09,164.2,2367.0,185.6,63.8,63.8,0.0,552.8,2414.8,738.4,74.9,0.3,164.3,,Yes,MPB-28,160.08390022675738,164.36232951388885,1395.3195478723433,1796,1.8428650463954899
41,2024-04-11,172.5,2150.7,204.0,53.5,53.5,0.0,741.4,2184.6,945.4,78.4,0.3,173.1,,Yes,MPB-28,160.97560975609755,163.88712625514447,1500.892408759123,1796,3.203577366562327
42,2024-04-15,170.9,2485.8,123.8,43.7,43.7,0.0,703.9,2395.6,827.6,85.0,0.4,170.3,,Yes,MPB-28,160.82142857142858,169.2370363304983,1461.243947368423,1796,2.472248054946547
43,2024-04-16,168.4,2466.1,125.5,67.3,67.3,0.0,685.1,2376.5,810.5,84.5,0.5,168.0,,Yes,MPB-28,160.40350877192984,167.15103190255223,1464.6479415670633,1796,2.446038825994013
44,2024-04-18,161.4,2431.2,126.9,37.5,37.5,0.0,602.5,2344.1,729.4,82.6,0.3,160.8,,Yes,MPB-28,160.0823970037453,160.54390070922014,1474.6103773584896,1796,2.2695194512039336
45,2024-04-19,163.1,2482.1,275.8,52.1,52.1,0.0,513.0,2373.8,788.7,65.0,0.2,162.4,,Yes,MPB-28,161.04814814814816,163.77235958668186,1476.7263157894733,1796,2.470294418251951
46,2024-04-19,163.1,2482.1,275.8,52.1,52.1,0.0,513.0,2373.8,788.7,65.0,189.0,162.4,,No,MPB-28,161.04814814814816,163.77235958668186,1476.7263157894733,1796,2.470294418251951
47,2024-04-21,161.7,2401.8,162.6,38.6,38.6,0.0,497.0,2316.8,659.5,75.4,0.2,161.2,,Yes,MPB-28,160.75,161.24531094580234,1487.036945169714,1796,2.1345594228483553
48,2024-04-23,170.7,2470.2,209.7,47.4,47.4,0.0,599.6,2353.2,809.4,74.1,0.2,170.5,,Yes,MPB-28,161.28125,161.95895705660362,1491.302937420179,1796,2.65640893662361
49,2024-04-24,166.4,2454.0,223.6,47.0,47.0,0.0,581.6,2347.8,805.2,72.2,0.2,166.0,,Yes,MPB-28,161.1153846153846,163.57994436689938,1495.9192708333312,1796,2.6832779373605873
50,2024-04-27,161.5,2252.5,174.5,39.4,39.4,0.0,456.7,2252.6,631.2,72.4,0.2,161.3,,Yes,MPB-28,161.61867704280155,161.54119674027305,1522.54294871795,1796,2.308223529218727
51,2024-04-29,161.4,2239.8,176.9,43.9,43.9,0.0,486.0,2246.1,662.9,73.3,0.2,160.7,,Yes,MPB-28,161.9009900990099,161.96243663366306,1536.7070153061234,1796,2.556567431944312
52,2024-04-30,163.8,2292.0,183.3,40.5,40.5,0.0,525.2,2270.6,708.4,74.1,0.2,163.6,,Yes,MPB-28,163.0731707317073,163.87810048828146,1535.8178153446001,1796,2.7227075556239386
53,2024-05-02,177.8,2297.2,954.3,270.0,270.0,0.0,2027.5,2358.3,2981.8,68.0,0.3,173.3,,Yes,MPB-28,159.3904761904762,169.73092234137664,1368.0790184049067,1796,6.968108899183248
54,2024-05-02,177.8,2297.2,954.3,270.0,270.0,0.0,2027.5,2358.3,2981.8,68.0,282.9,173.3,,No,MPB-28,159.3904761904762,169.73092234137664,1368.0790184049067,1796,6.968108899183248
55,2024-05-03,176.7,2184.9,864.9,254.5,254.5,0.0,1553.6,2316.6,2418.5,64.2,0.3,172.5,WT - Test confirmed with shakeouts,Yes,MPB-28,158.9873417721519,174.2533101476016,1268.6532623169126,1796,4.586166609517197
56,2024-05-03,176.7,2184.9,864.9,254.5,254.5,0.0,1553.6,2316.6,2418.5,64.2,294.2,172.5,WT - Test confirmed with shakeouts,No,MPB-28,158.9873417721519,174.2533101476016,1268.6532623169126,1796,4.586166609517197
57,2024-05-04,177.1,2198.2,935.8,255.9,255.9,0.0,1533.1,2323.1,2468.8,62.1,0.3,172.8,WT - Well test confirmed with shakeouts. Total fluid is up and the BS&W is down.,Yes,MPB-28,160.76623376623377,169.83573129830054,1253.0713342140023,1796,4.547190368786144
58,2024-05-04,177.1,2198.2,935.8,255.9,255.9,0.0,1533.1,2323.1,2468.8,62.1,273.5,172.8,WT - Well test confirmed with shakeouts. Total fluid is up and the BS&W is down.,No,MPB-28,160.76623376623377,169.83573129830054,1253.0713342140023,1796,4.547190368786144
59,2024-05-06,184.8,2217.9,955.7,433.4,433.4,0.0,1367.5,2372.8,2323.2,58.9,0.5,178.8,,Yes,MPB-28,160.8008658008658,181.017160495283,1167.0211633663369,1796,3.6936059922682323
60,2024-05-08,185.8,2162.0,953.7,478.6,478.6,0.0,1188.1,2365.5,2141.9,55.5,0.5,179.6,,Yes,MPB-28,163.95,175.51240040911745,1132.2763906056855,1796,3.22709629382418
61,2024-05-09,177.1,2155.5,712.7,137.9,137.9,0.0,1010.2,2334.9,1722.9,58.6,0.2,175.0,,Yes,MPB-28,161.02777777777777,177.2364437259923,1256.4100828729274,1796,3.19298034546902
62,2024-05-11,181.9,2225.5,849.6,144.8,144.8,0.0,1327.0,2324.2,2176.6,61.0,0.2,180.7,,Yes,MPB-28,161.8422619047619,173.85680452012363,1340.1156410256422,1796,4.774456410167008
63,2024-01-12,277.4,1355.4,0.0,2124.3,2124.3,0.0,972.4,3872.6,972.4,100.0,,182.5,,Yes,MPB-30,162.7587327376117,278.2189658119657,1061.9944289693594,1554,1.9764003849855634
64,2024-01-12,277.0,1355.4,321.7,2127.5,2127.5,0.0,653.9,3872.6,975.6,67.0,6.6,182.7,,Yes,MPB-30,162.7587327376117,278.2189658119657,1061.9944289693594,1554,1.9829043763800038
65,2024-01-14,288.1,1946.8,280.3,2191.5,2191.5,0.0,743.2,4149.7,1023.5,72.6,7.8,182.1,,Yes,MPB-30,163.25768667642754,288.1846372529645,988.1970893970905,1554,1.8089337838672068
66,2024-01-15,289.2,2197.1,337.5,2162.9,2162.9,0.0,856.7,4149.3,1194.2,71.7,6.4,183.3,,Yes,MPB-30,163.58747135217723,269.309731018519,959.9766801075255,1554,2.010358785604856
67,2024-01-28,222.4,980.2,276.6,1952.2,1952.2,0.0,604.5,86.9,881.0,68.6,7.1,179.2,,Yes,MPB-30,160.52773722627737,217.89361476224252,1234.7315280464215,1554,2.75943313352938
68,2024-01-31,218.9,2066.8,254.7,1737.9,1737.9,0.0,514.7,3006.1,769.5,66.9,6.8,184.5,,Yes,MPB-30,164.79788838612367,284.22088476394833,1257.1225450901793,1554,2.5919785664887987
69,2024-01-31,300.1,2066.8,345.5,2270.7,2270.7,0.0,643.7,3006.1,989.2,65.1,6.6,188.5,,Yes,MPB-30,164.79788838612367,284.22088476394833,1257.1225450901793,1554,3.3320145522686415
70,2024-02-01,296.2,2270.9,329.5,2206.6,2206.6,0.0,747.3,4191.6,1076.9,69.4,6.7,189.0,,Yes,MPB-30,164.26768781911014,275.5939907444666,995.2158682634728,1554,1.9272200816679061
71,2024-02-04,220.9,1100.0,212.9,1405.1,1405.1,0.0,464.1,1.8,677.0,68.6,6.6,187.0,,Yes,MPB-30,162.15472779369628,223.38941982928466,1327.3281762295076,1554,2.986696752770955
72,2024-02-04,223.5,1100.0,224.5,1438.6,1438.6,0.0,484.2,1.8,708.7,68.3,6.4,186.8,,Yes,MPB-30,162.15472779369628,223.38941982928466,1327.3281762295076,1554,3.1265465120956812
73,2024-02-04,223.5,1100.0,224.5,1438.6,1438.6,0.0,484.2,1.8,708.7,68.3,"6,407.5",186.8,,No,MPB-30,162.15472779369628,223.38941982928466,1327.3281762295076,1554,3.1265465120956812
74,2024-02-09,220.8,1100.0,227.7,1375.2,1375.2,0.0,473.8,2.4,701.5,67.5,6.0,183.6,,Yes,MPB-30,163.4681335356601,209.8449449033979,1343.4611471861463,1554,3.3319265808873086
75,2024-02-09,220.8,1100.0,227.7,1375.2,1375.2,0.0,473.8,2.4,701.5,67.5,"6,039.9",183.6,,No,MPB-30,163.4681335356601,209.8449449033979,1343.4611471861463,1554,3.3319265808873086
76,2024-02-11,219.8,1100.0,218.5,1349.4,1349.4,0.0,453.6,2.4,672.1,67.5,6.2,183.7,,Yes,MPB-30,163.719597211464,222.3139649763356,1354.8543524416139,1554,3.3749168422219804
77,2024-02-13,217.9,1100.0,200.7,1288.0,1288.0,0.0,428.9,2.5,629.7,68.1,6.4,183.9,,Yes,MPB-30,164.01699524133244,210.103924381868,1361.056426332288,1554,3.2636484751986172
78,2024-02-14,216.2,2282.0,215.1,1342.6,1342.6,0.0,450.6,2.8,665.7,67.7,6.2,180.0,,Yes,MPB-30,163.5653429602888,205.46332225237433,1345.078197064991,1554,3.1863596362275532
79,2024-02-16,213.0,1200.0,210.2,1299.1,1299.1,0.0,438.0,2.5,648.2,67.6,6.2,177.9,,Yes,MPB-30,159.15736040609136,214.0150989033589,1360.6720000000003,1554,3.35285111313416
80,2024-02-21,212.7,1200.0,211.5,1269.8,1269.8,0.0,452.8,2.0,664.4,68.2,6.0,176.8,,Yes,MPB-30,162.55479969765685,201.45012881899896,1385.4390346274918,1554,3.9416005866584904
81,2024-02-26,273.4,2387.4,261.6,2347.1,2347.1,0.0,621.5,2785.7,883.0,70.4,9.0,189.7,,Yes,MPB-30,165.12591119946984,266.5731787031858,926.789345063539,1554,1.4078204715598328
82,2024-02-27,274.4,2331.5,239.8,2375.6,2375.6,0.0,575.6,2777.0,815.4,70.6,9.9,190.2,,Yes,MPB-30,165.7063973063973,238.49100125125156,914.2168287937744,1554,1.2744942922813558
83,2024-02-29,275.5,2357.2,221.0,2474.1,2474.1,0.0,404.6,1868.7,625.6,64.7,11.2,188.9,,Yes,MPB-30,163.62951082598235,269.6278845382584,1109.5636007827784,1554,1.4076254805003794
84,2024-03-01,220.0,1000.0,207.8,1958.8,1958.8,0.0,534.9,0.0,742.7,72.0,9.4,184.3,,Yes,MPB-30,158.7631205673759,196.2108010101015,1201.1731610337974,1554,2.1049985941436375
85,2024-03-01,220.0,1000.0,207.8,1958.8,1958.8,0.0,534.9,0.0,742.7,72.0,"9,426.6",184.3,,No,MPB-30,158.7631205673759,196.2108010101015,1201.1731610337974,1554,2.1049985941436375
86,2024-03-02,223.8,1000.0,269.8,2080.9,2080.9,0.0,640.4,0.0,910.3,70.4,7.7,183.1,,Yes,MPB-30,158.5111821086262,232.02031460832725,1244.7782178217826,1554,2.94384177462426
87,2024-03-02,231.3,1000.0,204.7,1994.4,1994.4,0.0,637.3,0.0,842.0,75.7,9.7,183.3,,Yes,MPB-30,158.5111821086262,232.02031460832725,1244.7782178217826,1554,2.722964708594559
88,2024-03-02,232.5,1000.0,145.5,2008.3,2008.3,0.0,694.7,0.0,840.1,82.7,13.8,183.4,,Yes,MPB-30,158.5111821086262,232.02031460832725,1244.7782178217826,1554,2.7168202514136452
89,2024-03-02,231.3,1000.0,204.7,1994.4,1994.4,0.0,637.3,0.0,842.0,75.7,"9,742.5",183.3,,No,MPB-30,158.5111821086262,232.02031460832725,1244.7782178217826,1554,2.722964708594559
90,2024-03-05,237.1,1000.0,142.4,2223.3,2223.3,0.0,676.3,0.0,818.7,82.6,15.6,183.3,,Yes,MPB-30,158.38911845730027,199.29697092751377,1181.9277777777772,1554,2.2003792573126453
91,2024-03-06,237.0,950.0,140.3,2229.3,2229.3,0.0,671.4,0.0,811.7,82.7,15.9,182.9,,Yes,MPB-30,158.884670487106,236.02217551803517,1220.1523904382477,1554,2.4313488452576704
92,2024-03-13,246.2,920.0,142.4,2635.5,2635.5,0.0,678.3,2.0,820.8,82.6,18.5,186.1,,Yes,MPB-30,161.42551440329217,245.51478039062482,1181.3058422590068,1554,2.2023420087266876
93,2024-03-14,246.9,900.0,151.4,2714.0,2714.0,0.0,690.7,1.9,842.1,82.0,17.9,186.5,,Yes,MPB-30,161.21143250688706,222.6191504083151,1153.8315996074577,1554,2.1043640606653304
94,2024-03-15,243.5,900.0,142.2,2658.5,2658.5,0.0,669.4,2.0,811.6,82.5,18.7,184.2,,Yes,MPB-30,161.65895953757226,243.40380184147324,1176.586247544204,1554,2.1504250831322254
95,2024-03-20,245.6,900.0,149.9,3037.5,3037.5,0.0,676.1,2.5,826.0,81.9,20.3,179.7,,Yes,MPB-30,161.3016877637131,229.62200306204664,1130.2694006309168,1554,1.949351784435391
96,2024-03-22,245.2,900.0,149.9,2977.2,2977.2,0.0,689.2,2.7,839.0,82.1,19.9,180.6,,Yes,MPB-30,161.365991902834,238.8774705042021,1134.9989528795807,1554,2.0023816307047904
97,2024-03-27,248.5,950.0,140.0,2571.6,2571.6,0.0,671.2,2.0,811.2,82.7,18.4,190.1,,Yes,MPB-30,159.63134978229317,247.43027004184125,1172.9627027027013,1554,2.1289254510092572
98,2024-03-28,249.9,900.0,133.8,2461.3,2461.3,0.0,635.4,2.6,769.2,82.6,18.4,189.4,,Yes,MPB-30,159.32846715328466,232.2844710317456,1169.8608926673755,1554,2.002399613361815
99,2024-03-31,246.1,900.0,135.7,2398.5,2398.5,0.0,622.4,2.5,758.2,82.1,17.7,188.3,,Yes,MPB-30,163.9526854219949,241.63936396011397,1173.730949839914,1554,1.9938514577529054
100,2024-04-03,238.2,1000.0,129.3,1917.4,1917.4,0.0,596.7,2.6,726.0,82.2,14.8,188.6,,Yes,MPB-30,163.19204545454545,221.4210105000001,1215.5920427553456,1554,2.1453396247273617
101,2024-04-03,238.2,1000.0,129.3,1917.4,1917.4,0.0,596.7,2.6,726.0,82.2,"14,833.5",188.6,,No,MPB-30,163.19204545454545,221.4210105000001,1215.5920427553456,1554,2.1453396247273617
102,2024-04-05,238.4,950.0,130.9,1856.6,1856.6,0.0,605.2,2.6,736.1,82.2,14.2,187.3,,Yes,MPB-30,164.46399270738377,198.17848084210488,1196.0223792697277,1554,2.056273793033096
103,2024-04-05,238.4,950.0,130.9,1856.6,1856.6,0.0,605.2,2.6,736.1,82.2,"14,184.1",187.3,,No,MPB-30,164.46399270738377,198.17848084210488,1196.0223792697277,1554,2.056273793033096
104,2024-04-07,231.0,1000.0,130.8,1936.5,1936.5,0.0,595.4,2.7,726.2,82.0,14.8,177.3,,Yes,MPB-30,162.80814717477003,229.48182964169374,1203.8266435986154,1554,2.0738299665711764
105,2024-04-07,231.0,1000.0,130.8,1936.5,1936.5,0.0,595.4,2.7,726.2,82.0,"14,807.2",177.3,,No,MPB-30,162.80814717477003,229.48182964169374,1203.8266435986154,1554,2.0738299665711764
106,2024-04-10,227.3,1000.0,128.8,1880.2,1880.2,0.0,578.4,1.8,707.2,81.8,14.6,173.0,,Yes,MPB-30,153.38840579710146,274.9532342215987,1454.347269624573,1554,7.096644490680071
107,2024-04-10,227.3,1000.0,128.8,1880.2,1880.2,0.0,578.4,1.8,707.2,81.8,"14,593.1",173.0,,No,MPB-30,153.38840579710146,274.9532342215987,1454.347269624573,1554,7.096644490680071
108,2024-04-11,225.3,1000.0,125.0,1685.4,1685.4,0.0,574.0,2.5,699.0,82.1,13.5,175.0,,Yes,MPB-30,160.97560975609755,210.00645299380585,1247.3253537735861,1554,2.2792885183078924
109,2024-04-15,225.2,1050.0,123.3,1505.3,1505.3,0.0,559.3,2.4,682.6,81.9,12.2,175.2,,Yes,MPB-30,160.82142857142858,224.67373644003018,1278.234939759034,1554,2.475295454048957
110,2024-04-16,224.8,1050.0,123.2,1495.3,1495.3,0.0,556.2,2.5,679.4,81.9,12.1,175.3,,Yes,MPB-30,160.40350877192984,219.8481740713221,1282.6625874125866,1554,2.503893560130143
111,2024-04-16,224.8,1050.0,123.2,1495.3,1495.3,0.0,556.2,2.5,679.4,81.9,"12,138.0",175.3,,No,MPB-30,160.40350877192984,219.8481740713221,1282.6625874125866,1554,2.503893560130143
112,2024-04-18,217.7,1050.0,117.4,1411.3,1411.3,0.0,524.3,1.9,641.7,81.7,12.0,175.5,,Yes,MPB-30,160.0823970037453,204.15067148817744,1296.196004842615,1554,2.48910029345454
113,2024-04-20,218.9,2465.6,94.9,1283.2,1283.2,0.0,421.3,2.0,516.2,81.6,13.5,180.4,,Yes,MPB-30,160.8502202643172,218.73086280193237,1341.5672193877556,1554,2.429945126699748
114,2024-04-23,216.0,2451.5,102.3,1159.6,1159.6,0.0,445.9,2.0,548.3,81.3,11.3,179.2,,Yes,MPB-30,161.28125,210.7017727528093,1363.3470198675507,1554,2.8759057404667274
115,2024-04-24,212.4,1200.0,102.1,1145.8,1145.8,0.0,469.1,1.8,571.1,82.1,11.2,175.7,,Yes,MPB-30,161.1153846153846,209.56778664383546,1395.1539052496796,1554,3.5953040010059683
116,2024-04-25,213.6,2418.5,124.9,1142.5,1142.5,0.0,453.7,2.2,578.6,78.4,9.1,175.0,,Yes,MPB-30,162.14935064935065,220.7116072661866,1400.4200514138813,1554,3.767418893720718
117,2024-04-25,213.6,2418.5,124.9,1142.5,1142.5,0.0,453.7,2.2,578.6,78.4,"9,146.6",175.0,,No,MPB-30,162.14935064935065,220.7116072661866,1400.4200514138813,1554,3.767418893720718
118,2024-04-26,256.2,2193.5,220.0,2088.5,2088.5,0.0,451.1,2105.6,671.1,67.2,9.5,177.9,WT - WT verified with shakeouts. this is with power fluid lifting well,Yes,MPB-30,162.91233766233765,247.47404498360655,1397.8805590851323,1554,4.298631842820603
119,2024-04-26,256.2,2193.5,220.0,2088.5,2088.5,0.0,451.1,2105.6,671.1,67.2,"9,494.1",177.9,WT - WT verified with shakeouts. this is with power fluid lifting well,No,MPB-30,162.91233766233765,247.47404498360655,1397.8805590851323,1554,4.298631842820603
120,2024-04-28,249.9,2209.2,207.6,1955.4,1955.4,0.0,401.2,2738.9,608.8,65.9,9.4,176.5,,Yes,MPB-30,162.78291814946618,220.69177192881753,844.206697459583,1554,0.8577144893042066
121,2024-04-29,243.2,2200.1,209.7,1793.3,1793.3,0.0,393.7,2739.6,603.4,65.2,8.6,175.2,,Yes,MPB-30,161.9009900990099,236.10974153846138,841.1337693222357,1554,0.84644211499023
122,2024-04-30,246.1,2251.7,192.1,1794.8,1794.8,0.0,402.5,2752.3,594.5,67.7,9.3,177.6,,Yes,MPB-30,163.0731707317073,240.56938355795143,827.7614849187928,1554,0.8186015856423198
123,2024-05-01,239.2,2330.8,259.2,1712.0,1712.0,0.0,406.4,2781.7,665.7,61.1,6.6,171.5,,Yes,MPB-30,160.0,230.93399706284157,817.4909941520473,1554,0.9038586014757154
124,2024-05-02,241.3,2258.5,229.9,1737.0,1737.0,0.0,479.1,2761.4,708.9,67.6,7.6,174.1,,Yes,MPB-30,159.3904761904762,235.1590526928681,822.0921728971962,1554,0.9685645838849977
125,2024-05-02,240.6,2258.5,239.1,1709.5,1709.5,0.0,391.0,2761.4,630.0,62.1,7.2,174.1,,Yes,MPB-30,159.3904761904762,235.1590526928681,822.0921728971962,1554,0.8607641244851862
126,2024-05-03,233.9,2147.3,276.7,1628.7,1628.7,0.0,317.1,2732.1,593.7,53.4,5.9,172.8,,Yes,MPB-30,158.9873417721519,234.7373696013285,841.6330977620745,1554,0.8334188437655803
127,2024-05-04,238.1,2160.1,248.5,1629.8,1629.8,0.0,365.6,2741.2,614.0,59.5,6.6,174.2,,Yes,MPB-30,160.76623376623377,224.76811609120477,838.3301796407194,1554,0.8579375328300971
128,2024-05-04,236.4,2160.1,285.2,1611.7,1611.7,0.0,329.8,2741.2,615.0,53.6,5.7,174.1,,Yes,MPB-30,160.76623376623377,224.76811609120477,838.3301796407194,1554,0.8593348252288432
129,2024-05-06,239.8,2180.4,119.6,1517.2,1517.2,0.0,456.0,2760.0,575.6,79.2,12.7,181.4,,Yes,MPB-30,160.8008658008658,230.02431024279267,835.1618203309681,1554,0.8007365444403889
130,2024-05-08,241.1,2124.6,203.7,1513.1,1513.1,0.0,331.4,2737.2,535.1,61.9,7.4,184.0,,Yes,MPB-30,163.95,234.55247481481518,865.0540828402358,1554,0.7766937674962839
131,2024-05-09,237.4,2117.9,207.3,1463.9,1463.9,0.0,272.1,2736.5,479.4,56.8,7.1,180.6,,Yes,MPB-30,161.02777777777777,228.44106481334393,866.8492610837437,1554,0.6976635152224219
